id,name
1agNT4QgolhVSuyuE0uk0RqlBNyhLt5oO,imageA_1770848528_0.png
1zyozB7vusKERndHxuWzfiQ3EJ2lIT0Ve,imageA_1770848528_1.png
1BghXv25xvpgU93ugG_2H5Vs3gBT0zAKG,imageA_1770848528_2.png
1U0speZNLrU0INc_uswKlq89oUYpXgvR4,imageA_1770848528_3.png
16qf5R5RB_gYuI92UUGgFYdELajixuy0y,imageA_1770848528_4.png
1Oz5D82Bo0CQIdi2k6LMtLoRfRALbn5j-,imageA_1770848528_5.png
1n573SOOcvXwK1BnbVyxkEChN4JnMDVec,imageA_1770848528_6.png
1kZLMqCwfsoaYNoysXy9dmoG3WXwyWxy6,imageA_1770848528_7.png
1LcZEzMzjXUSW84wrrn19uQsUxcJ3DHrv,imageA_1770848528_8.png
1vkfcMQ0LkHOH0vXS_kRfBU7Dd3HMwpbq,imageA_1770848528_9.png
1gPVLkhBfHMC2YtaUA9PHnJ8eiRHTL7z9,imageA_1770848528_10.png
1LlwczdHKL3I0UZm10dvYcRk7Xh56i6M8,imageA_1770848528_11.png
1DyxyUGTUHqqLQpNvbwWvlr1Eseh8GUDO,imageA_1770848528_12.png
1Fjx6dfezheObK531JHpbSGioQBmeDl5_,imageA_1770848528_13.png
1YhDuyf18eUli6F9mN_8DM3kS5plMJL4G,imageA_1770848528_14.png
1Z6i_u0WSrppgCA0R01z6rHULzzZIb4Nc,imageA_1770848528_15.png
1DfN2q8DAY7bprvj9kxWkA27zCIU8bZOg,imageA_1770848528_16.png
172SZBe6-vMgHsx_UAZmW37LDZQzat7jy,imageA_1770848528_17.png
1fHTn684XWQzVrF9t0zcrHbdwUNvVAfT3,imageA_1770848528_18.png
1m6h4Z--0VLKSfIhiIuwWB3g5jYk2sNN4,imageA_1770848528_19.png
1p50ThOt90qh80cVwBs2fJ136sDX20DvQ,imageA_1770848528_20.png
1tS3aQQb9DImfkH0yE61367b6Vp5tUwsc,imageA_1770848528_21.png
1e2vDA7hgMHOfbO9-qtBhO1ERthNptI7q,imageA_1770848528_22.png
1YX-woIW9kG_1ua40wg87qJAVNK_Lj2DY,imageA_1770848528_23.png
1NZCCPFfd0x3ndy7tAib-RFqwWfHR0z9S,imageA_1770848528_24.png
1NzQTF6Z5nVDM7D6g_Te_waGKGLHNEMVL,imageA_1770848528_25.png
1a5Ybd8dbPHiOPR82aWd2_yszoz3fPPYX,imageA_1770848528_26.png
1jHB2YW8hmIP3G_iQtwtDui9QIe1KsjH0,imageA_1770848528_27.png
1Vcbrc4ZNWtgsZ7FhFOywm78PkEZ8e7Hx,imageA_1770848528_28.png
1Fq9rg8NqVjsIwpD1OCkXjTOc1jbTsZNS,imageA_1770848528_29.png
1CVdEZXYUR94Fa-ktQ0581WDCx-fdrI6z,imageA_1770848528_30.png
1QkfWKcW2xZ1uNQP8W1CRd7uKeira9aWL,imageA_1770848528_31.png
1yNdIa0loRNsOxBGfz7eC7mXuEYTFykEn,imageA_1770848528_32.png
1M0AVkPPfGGNDK3CHe8nHaSq6FkrH6TN4,imageA_1770848528_33.png
1u1-LKMSn3ZI1HgrzS4jn18eTE4PURdqV,imageA_1770848528_34.png
1pA4J-OIsYe50p_DIDm9cOO5hPJfzorHb,imageA_1770848528_35.png
14AN0q0w96EYpL7bJxVEMmU_8X5INlFzS,imageA_1770848667_0.png
1xf7vBB_8BXOcHkWOs_NILxVJG9xAwCXC,imageA_1770848667_1.png
1YU1gKCyZTDfJDY4Ukx6k7H5q2qlqPz_G,imageA_1770848667_2.png
1acv5kAH0-H8PilxQ2C_kB5EoppLCNhXR,imageA_1770848667_3.png
1dqWaa3OBWjunE4WHHd0tyil_kQeOQHJO,imageA_1770848667_4.png
1EulXORwkPIvGIA8-q1nH6U6Yvd1E2WgY,imageA_1770848667_5.png
1dppfpYUQob8UC-WlLeAhwKP0FyEt4H7I,imageA_1770848667_6.png
1hZUVyxTMf32WeTKXHILtzoHG_ChP_WIF,imageA_1770848667_7.png
1sjFYgqItrefnxi_XaJNG1zFyrSf1bgJT,imageA_1770848667_8.png
12lgkWfFZYrVEG3RdFo3YXAWwTkjZHhpN,imageA_1770848667_9.png
1mOS7kY8P1CAU6wEtlcOZHnLltE79WZNN,imageA_1770848667_10.png
1Y2pPYbfGMmLS1VkOlWiR26Fje_KCEGj8,imageA_1770848667_11.png
1wGvHc9dDKtPwFLualDzmyamkQ2Hgmwed,imageA_1770848667_12.png
1sAhyIw6UQBJS6U_8a8A-9AwP3s-B-MYT,imageA_1770848667_13.png
1GKtRqQtldC3fTivmm-eeUvTX7H5Q-jHV,imageA_1770848667_14.png
1nhzbD6d1KNSos7d7mWM1zzxoonmOBnkz,imageA_1770848667_15.png
1n4XsiJv7Bt2y0LMPpO4P_J41arKSXFTc,imageA_1770848667_16.png
1mYrQPyR0HHp5K3TP7_lGH-OAPpCDDJln,imageA_1770848667_17.png
1fM_E5DjN8HfKfQFUywuK1kLg8Pyb41wM,imageA_1770848667_18.png
1HRIJxm2hqx1XVxOAjOMeSYLkdxR5Rk_S,imageA_1770848667_19.png
1SUKIYjqpwBPTYhIhi5v8KqX60ZsTe1rn,imageA_1770848667_20.png
1TeQCij-jlcpkbW9xg1DEeZSCriSguv1F,imageA_1770848863_0.png
1_0fHA7Cp5_Qeofa-k3MMjrFF-9D6sYkm,imageA_1770848863_1.png
1bVmIHGDvDRdo8bmRk9lKkMQVV7Sp6ebU,imageA_1770848863_2.png
1UCyvMBpjIY3fxd34zn-QjAdIMYmWO_o6,imageA_1770848863_3.png
1lcbaalsEHJ72aKJCOVYQHzGOQ79LVWZX,imageA_1770848863_4.png
1Mb7XHgWPQ8aeQwikmLxO1-PXSeJh9prx,imageA_1770848863_5.png
1HoMUepgyynvEZvjUwfmWqazKnhFEUvEh,imageA_1770848863_6.png
1Ks1eG0EwBF_vTGzDcNrk6qIxgIdgcweN,imageA_1770848863_7.png
1WJoHNA5si7qi8Wpfy1RXPZ8Q1g6DvqDp,imageA_1770848863_8.png
1wLZtXjtxD0NK1HdwCluhOMMw79WMJp3k,imageA_1770848863_9.png
1nDbEOH9GU51znq0QW7ghlSjIVP1h57CE,imageA_1770848863_10.png
1j0zn33WyTACtz2_dPtcWSB0TrtJACgla,imageA_1770848863_11.png
1HmBql_5rhoz2o4SjokC-lFU6tbHmPU8g,imageA_1770848863_12.png
1u72aptEmPFSnUT6G_hdoTril2jgLGu9G,imageA_1770848863_13.png
1wLHeKv0K3BPKPHcXadbRzkLKW7C-lgO9,imageA_1770848863_14.png
1T0x4TOom3Rq5jVdWcwUMaPE0qBxVrRtp,imageA_1770848863_15.png
1UMbRUHN8i6LKCm6_VyHvjChJEZBIoUrF,imageA_1770848863_16.png
1Z6OqiB1URYp8I5z3K_H48r3LMvpyVtFD,imageA_1770848863_17.png
1KkUGyRrbjpZssTXu6tP5co8aQsqwth8k,imageA_1770848863_18.png
1dMzNEhz2MfP9I4vuaJS4j9vqamdUXhKk,imageA_1770848863_19.png
1qj4MBVvCcjMTHh2JRDSO8Ia3GZCVTLAG,imageA_1770848863_20.png
1hS_BJklw1GUzSmi9seWqsjnlZGX7pN1C,imageA_1770848863_21.png
1uLGcSK8_d2Nv9PyxE4eGz3a1SlI-I1vn,imageA_1770848863_22.png
1BFbdgsa6i_AIrVyYeFQ7IJZwTf_E_XKT,imageA_1770848863_23.png
13DEgp8AFX86w3lKUaLpUdEWVJSXa26a7,imageA_1770848863_24.png
1uQRRV3f1kO2KOGLwtnPsXLQ8ovdpU8kw,imageA_1770848863_25.png
1XtN-h205xXkLqAUlcx9njmJPzrk7M0IO,imageA_1770848863_26.png
1DGXBjtFjFMMVxygFSS2ivUZ1coAoi4aK,imageA_1770848863_27.png
1UWHIQ3AKVxNBANQ2NdDP2hzk2qaJunvh,imageA_1770848863_28.png
1a0ABV-ARZb6BIPkbY6xcqujE5E5iYucD,imageA_1770848863_29.png
1srhkjQcUr-PSqRkXjzddQiPI1rWw-Lie,imageA_1770848863_30.png
1YxxoON9xYFHmrFTWKGaw70Asc3RqUxq9,imageA_1770848863_31.png
1Ox7H_5TiSab1MsGAYaz2Ui3bXBKry4_3,imageA_1770848863_32.png
1nFRY_i_rTgxnCr44lwvavsNQQWG3tQKL,imageA_1770848863_33.png
1lka26tV9ilIKE_mu5R9aiQ-MrD8TPpNH,imageA_1770848863_34.png
1BJAfpjzYfb3CM5bPIpgDmA-71VM9qqt8,imageA_1770848863_35.png
11Yza9ZOv8KZJu7VGspzaQ7Ezgaw8lxvP,imageA_1770848863_36.png
1nBKZ-CMvXsBzNbipIcd3JF7lT7rF2RFG,imageA_1770848863_37.png
1VPebkcNLtpbTDewV4ns6fQ4kpjB3EX9S,imageA_1770848863_38.png
1KKqcQZ8q24qH3HLEyYHzMcPSarmRyUvW,imageA_1770848863_39.png
14GUdZ1Q1ydJtWJdWxGWekmShDAK6__Mi,imageA_1770848863_40.png
1SzrAyObRnLPvVgT2NEtuShorIEKv5ZbH,imageA_1770848863_41.png
1vvFtZyIfhaTx_80atQUc3Q62H2ZBGvzj,imageA_1770848863_42.png
1_WwW4JUEBQHwkgI1HLEBi6AcvbGHJbZC,imageA_1770848863_43.png
1Hdy_FDo1DR0EC0p8T9Fgj7vYngztYTiK,imageA_1770848863_44.png
1CHh0LOZA-JX-SyQvrnRVXvc_41vW8vOE,imageA_1770848863_45.png
1STEO8EeT8cAc5Rs5T8qzzhkplk8UYzTX,imageA_1770848863_46.png
16gZST6tUOHwpkiP_OaaTZSG8n8CoB2QP,imageA_1770848863_47.png
1DnTSdwT7JuQ7Kpu4pZ8_3L3cYnz6PPdp,imageA_1770848863_48.png
16LuZDA2DiGYE2H1FgvejSP0fLQ91El7e,imageA_1770848863_49.png
1sCCtxS8hcoQYiOslhubAjrKewbJr0N5G,imageA_1770848863_50.png
17JnGyvag82XrOruAyW8P3yxqg0kkbKRM,custom_report.txt
1HcuSw3yzES763kbbNJlHOcMbUQP6cQgy,report_1770848529_0.pdf
1QMvlw3u30tW0wnGs6nogHT0jVj57CYiG,report_1770848864_0.pdf
